/*
SQLyog 企业版 - MySQL GUI v8.14 
MySQL - 5.5.37 : Database - rpmsystem
*********************************************************************
*/

/*!40101 SET NAMES utf8 */;

/*!40101 SET SQL_MODE=''*/;

/*!40014 SET @OLD_UNIQUE_CHECKS=@@UNIQUE_CHECKS, UNIQUE_CHECKS=0 */;
/*!40014 SET @OLD_FOREIGN_KEY_CHECKS=@@FOREIGN_KEY_CHECKS, FOREIGN_KEY_CHECKS=0 */;
/*!40101 SET @OLD_SQL_MODE=@@SQL_MODE, SQL_MODE='NO_AUTO_VALUE_ON_ZERO' */;
/*!40111 SET @OLD_SQL_NOTES=@@SQL_NOTES, SQL_NOTES=0 */;
CREATE DATABASE /*!32312 IF NOT EXISTS*/`rpmsystem` /*!40100 DEFAULT CHARACTER SET utf8 */;

USE `rpmsystem`;

/*Table structure for table `permission` */

DROP TABLE IF EXISTS `permission`;

CREATE TABLE `permission` (
  `PERMISSION_ID` int(11) NOT NULL AUTO_INCREMENT,
  `CREATED` datetime NOT NULL,
  `CREATER` int(11) DEFAULT NULL,
  `DESCRIPTION` longtext,
  `ICONCLS` varchar(100) DEFAULT NULL,
  `ISUSED` varchar(1) DEFAULT NULL,
  `LASTMOD` datetime DEFAULT NULL,
  `MODIFYER` int(11) DEFAULT NULL,
  `MYID` varchar(55) DEFAULT NULL,
  `NAME` varchar(100) DEFAULT NULL,
  `PID` int(11) DEFAULT NULL,
  `PNAME` varchar(100) DEFAULT NULL,
  `SORT` int(11) DEFAULT NULL,
  `STATE` varchar(20) DEFAULT NULL,
  `STATUS` varchar(1) NOT NULL,
  `TYPE` varchar(1) DEFAULT NULL,
  `URL` varchar(200) DEFAULT NULL,
  PRIMARY KEY (`PERMISSION_ID`)
) ENGINE=InnoDB AUTO_INCREMENT=35 DEFAULT CHARSET=utf8;

/*Data for the table `permission` */

insert  into `permission`(`PERMISSION_ID`,`CREATED`,`CREATER`,`DESCRIPTION`,`ICONCLS`,`ISUSED`,`LASTMOD`,`MODIFYER`,`MYID`,`NAME`,`PID`,`PNAME`,`SORT`,`STATE`,`STATUS`,`TYPE`,`URL`) values (1,'2013-05-23 00:00:00',1,'系统管理','icon-sys','Y','2013-06-18 00:00:00',1,'sysMgr','系统管理',NULL,'',0,'closed','A','F','javascript:void(0);'),(7,'2013-05-23 00:00:00',1,'菜单功能分派','icon-config','Y','2013-06-22 09:15:57',1,'funOMgr','权限分派',1,'系统管理',3,'closed','A','F','jsp/permission/permissionAssignmentMain.jsp'),(21,'2013-05-24 00:00:00',1,'权限分配保存','icon-config','Y','2013-05-27 00:00:00',1,'perConfig','权限分配保存',7,'系统管理',9,'open','A','O','javascript:void(0);'),(22,'2013-05-27 00:00:00',1,'角色新增','icon-role','Y','2013-05-27 00:00:00',1,'roleAdd','角色新增',7,'系统管理',10,'open','A','O','javascript:void(0);'),(23,'2013-05-27 00:00:00',1,'角色编辑','icon-edit','Y','2013-05-27 00:00:00',1,'roleEdit','角色编辑',7,'系统管理',11,'open','A','O','javascript:void(0);'),(24,'2013-05-27 00:00:00',1,'角色删除','icon-remove','Y','2013-05-27 00:00:00',1,'roleDel','角色删除',7,'系统管理',12,'open','A','O','javascript:void(0);'),(25,'2013-05-27 00:00:00',1,'角色结束编辑','icon-cancel','Y','2013-06-14 00:00:00',1,'roleEndEdit','角色结束编辑',7,'系统管理',13,'open','A','O','javascript:void(0);'),(26,'2013-05-27 00:00:00',1,'角色保存','icon-save','Y','2013-06-14 00:00:00',1,'roleSave','角色保存',7,'系统管理',14,'open','A','O','javascript:void(0);'),(27,'2013-05-27 00:00:00',1,'用户管理','icon-adds','Y','2013-05-27 00:00:00',1,'userMain','用户管理',1,'系统管理',15,'closed','A','F','jsp/user/userMain.jsp'),(28,'2013-05-27 00:00:00',1,'用户角色分配','icon-role','Y','2013-06-22 09:16:35',1,'userRoleMgr','用户角色分派',1,'系统管理',16,'closed','A','F','jsp/roleConfig/roleConfigMain.jsp'),(30,'2013-05-27 00:00:00',1,'','icon-edit','Y','2013-05-27 00:00:00',1,'userEdit','用户编辑',27,'系统管理',17,'open','A','O','javascript:void(0);'),(31,'2013-05-27 00:00:00',1,'','icon-cancel','Y','2013-05-27 00:00:00',1,'userDel','用户删除',27,'系统管理',18,'open','A','O','javascript:void(0);'),(32,'2013-05-27 00:00:00',1,'','icon-end','Y','2013-06-14 00:00:00',1,'userEndEdit','用户结束编辑',27,'系统管理',19,'open','A','O','javascript:void(0);'),(33,'2013-05-27 00:00:00',1,'','icon-save','Y','2013-06-14 00:00:00',1,'userSave','用户保存',27,'系统管理',20,'open','A','O','javascript:void(0);'),(34,'2013-05-29 00:00:00',1,'用户角色分派','icon-config','Y','2013-05-29 00:00:00',1,'userRoleConfig','用户角色分派',28,'系统管理',21,'open','A','O','javascript:void(0);');

/*Table structure for table `role` */

DROP TABLE IF EXISTS `role`;

CREATE TABLE `role` (
  `ROLE_ID` int(11) NOT NULL AUTO_INCREMENT,
  `CREATED` datetime DEFAULT NULL,
  `CREATER` int(11) DEFAULT NULL,
  `DESCRIPTION` longtext,
  `LASTMOD` datetime DEFAULT NULL,
  `MODIFYER` int(11) DEFAULT NULL,
  `NAME` varchar(55) DEFAULT NULL,
  `SORT` int(11) DEFAULT NULL,
  `STATUS` varchar(1) DEFAULT NULL,
  PRIMARY KEY (`ROLE_ID`)
) ENGINE=InnoDB AUTO_INCREMENT=12 DEFAULT CHARSET=utf8;

/*Data for the table `role` */

insert  into `role`(`ROLE_ID`,`CREATED`,`CREATER`,`DESCRIPTION`,`LASTMOD`,`MODIFYER`,`NAME`,`SORT`,`STATUS`) values (1,'2013-05-20 00:00:00',1,'管理角色','2013-06-14 00:00:00',1,'系统管理角色',1,'A'),(2,'2013-05-20 00:00:00',1,'角色2','2013-06-14 00:00:00',1,'角色2',1,'A'),(3,'2013-05-23 00:00:00',1,'角色311','2013-06-14 00:00:00',1,'角色311',22,'A'),(4,'2013-05-27 00:00:00',1,'11111','2013-06-14 00:00:00',1,'1111',3,'A'),(5,'2013-05-27 00:00:00',1,'eeee22222222222222','2013-06-20 19:46:58',1,'akkeiei',4,'I'),(6,'2013-05-27 00:00:00',1,'ee','2013-06-14 00:00:00',1,'ee',5,'I'),(7,'2013-06-04 00:00:00',1,'123123','2013-06-14 00:00:00',1,'11122ss',6,'I'),(8,'2013-06-14 00:00:00',1,'asdasd','2013-06-14 00:00:00',1,'rtyreyerrty123',123,'I'),(10,'2013-06-19 00:00:00',1,'测试角色','2013-06-19 00:00:00',1,'test',3,'A'),(11,'2013-06-19 00:00:00',1,'3123123112312312','2013-06-19 00:00:00',1,'rwerwer',12312,'I');

/*Table structure for table `role_permission` */

DROP TABLE IF EXISTS `role_permission`;

CREATE TABLE `role_permission` (
  `ID` int(11) NOT NULL AUTO_INCREMENT,
  `CREATED` datetime DEFAULT NULL,
  `CREATER` int(11) DEFAULT NULL,
  `LASTMOD` datetime DEFAULT NULL,
  `MODIFYE` int(11) DEFAULT NULL,
  `STATUS` varchar(1) DEFAULT NULL,
  `PERMISSION_ID` int(11) NOT NULL,
  `ROLE_ID` int(11) NOT NULL,
  PRIMARY KEY (`ID`),
  KEY `FK_m2r1sqbtxt5fo39ax55fiq4l0` (`PERMISSION_ID`),
  KEY `FK_fn5mhmaqw72j8387h40mmj8sn` (`ROLE_ID`),
  CONSTRAINT `FK_fn5mhmaqw72j8387h40mmj8sn` FOREIGN KEY (`ROLE_ID`) REFERENCES `role` (`ROLE_ID`),
  CONSTRAINT `FK_m2r1sqbtxt5fo39ax55fiq4l0` FOREIGN KEY (`PERMISSION_ID`) REFERENCES `permission` (`PERMISSION_ID`)
) ENGINE=InnoDB AUTO_INCREMENT=248 DEFAULT CHARSET=utf8;

/*Data for the table `role_permission` */

insert  into `role_permission`(`ID`,`CREATED`,`CREATER`,`LASTMOD`,`MODIFYE`,`STATUS`,`PERMISSION_ID`,`ROLE_ID`) values (180,'2015-10-30 09:41:19',1,'2015-10-30 13:59:55',1,'A',1,1),(181,'2015-10-30 09:41:23',1,'2015-10-30 13:59:55',1,'A',7,1),(182,'2015-10-30 09:41:27',1,'2015-10-30 13:59:55',1,'A',21,1),(183,'2015-10-30 09:41:30',1,'2015-10-30 13:59:55',1,'A',22,1),(184,'2015-10-30 09:41:33',1,'2015-10-30 13:59:55',1,'A',23,1),(185,'2015-10-30 09:41:35',1,'2015-10-30 13:59:55',1,'A',24,1),(186,'2015-10-30 09:41:35',1,'2015-10-30 13:59:55',1,'A',27,1),(187,'2015-10-30 09:41:35',1,'2015-10-30 13:59:55',1,'A',30,1),(188,'2015-10-30 09:41:35',1,'2015-10-30 13:59:55',1,'A',31,1),(189,'2015-10-30 09:49:52',1,'2015-10-30 16:00:17',1,'I',1,2),(190,'2015-10-30 09:49:52',1,'2015-10-30 16:00:17',1,'I',7,2),(191,'2015-10-30 09:49:52',1,'2015-10-30 16:00:17',1,'A',21,2),(192,'2015-10-30 09:49:52',1,'2015-10-30 16:00:17',1,'I',22,2),(193,'2015-10-30 09:49:52',1,'2015-10-30 16:00:17',1,'A',23,2),(194,'2015-10-30 09:49:52',1,'2015-10-30 16:00:17',1,'I',24,2),(195,'2015-10-30 09:49:52',1,'2015-10-30 16:00:17',1,'I',25,2),(196,'2015-10-30 09:49:52',1,'2015-10-30 16:00:17',1,'I',26,2),(197,'2015-10-30 09:49:52',1,'2015-10-30 16:00:17',1,'I',27,2),(198,'2015-10-30 09:49:52',1,'2015-10-30 16:00:17',1,'I',30,2),(199,'2015-10-30 09:49:52',1,'2015-10-30 16:00:17',1,'I',31,2),(200,'2015-10-30 09:49:52',1,'2015-10-30 16:00:17',1,'I',32,2),(201,'2015-10-30 09:49:52',1,'2015-10-30 16:00:17',1,'I',33,2),(202,'2015-10-30 09:49:52',1,'2015-10-30 16:00:17',1,'I',28,2),(203,'2015-10-30 09:49:52',1,'2015-10-30 16:00:17',1,'I',34,2),(204,'2015-10-30 09:50:23',1,'2015-10-30 09:50:23',1,'A',1,3),(205,'2015-10-30 09:50:23',1,'2015-10-30 09:50:23',1,'A',27,3),(206,'2015-10-30 09:50:23',1,'2015-10-30 09:50:23',1,'A',30,3),(207,'2015-10-30 09:50:23',1,'2015-10-30 09:50:23',1,'A',31,3),(208,'2015-10-30 09:50:23',1,'2015-10-30 09:50:23',1,'A',32,3),(209,'2015-10-30 09:50:23',1,'2015-10-30 09:50:23',1,'A',33,3),(210,'2015-10-30 09:50:30',1,'2015-10-30 09:50:30',1,'A',1,4),(211,'2015-10-30 09:50:30',1,'2015-10-30 09:50:30',1,'A',28,4),(212,'2015-10-30 09:50:30',1,'2015-10-30 09:50:30',1,'A',34,4),(213,'2015-10-30 09:50:37',1,'2015-10-30 14:00:50',1,'A',1,10),(214,'2015-10-30 09:50:37',1,'2015-10-30 14:00:50',1,'A',7,10),(215,'2015-10-30 09:50:37',1,'2015-10-30 14:00:50',1,'A',21,10),(216,'2015-10-30 09:50:37',1,'2015-10-30 14:00:50',1,'A',22,10),(217,'2015-10-30 09:50:37',1,'2015-10-30 14:00:50',1,'A',23,10),(218,'2015-10-30 09:50:37',1,'2015-10-30 14:00:50',1,'A',24,10),(219,'2015-10-30 09:50:37',1,'2015-10-30 14:00:50',1,'A',25,10),(220,'2015-10-30 09:50:37',1,'2015-10-30 14:00:50',1,'A',26,10),(221,'2015-10-30 13:59:55',1,'2015-10-30 13:59:55',1,'A',25,1),(222,'2015-10-30 13:59:55',1,'2015-10-30 13:59:55',1,'A',26,1),(223,'2015-10-30 13:59:55',1,'2015-10-30 13:59:55',1,'A',32,1),(224,'2015-10-30 13:59:55',1,'2015-10-30 13:59:55',1,'A',33,1),(225,'2015-10-30 13:59:55',1,'2015-10-30 13:59:55',1,'A',28,1),(226,'2015-10-30 13:59:55',1,'2015-10-30 13:59:55',1,'A',34,1),(227,'2015-10-30 14:48:30',1,'2015-10-30 16:00:17',1,'I',1,2),(228,'2015-10-30 14:48:30',1,'2015-10-30 16:00:17',1,'I',27,2),(229,'2015-10-30 14:48:30',1,'2015-10-30 16:00:17',1,'I',30,2),(230,'2015-10-30 14:48:30',1,'2015-10-30 16:00:17',1,'I',31,2),(231,'2015-10-30 14:48:30',1,'2015-10-30 16:00:17',1,'I',32,2),(232,'2015-10-30 14:48:30',1,'2015-10-30 16:00:17',1,'I',33,2),(233,'2015-10-30 14:48:30',1,'2015-10-30 16:00:17',1,'I',28,2),(234,'2015-10-30 14:48:30',1,'2015-10-30 16:00:17',1,'I',34,2),(235,'2015-10-30 15:19:58',1,'2015-10-30 16:00:17',1,'A',1,2),(236,'2015-10-30 15:19:58',1,'2015-10-30 16:00:17',1,'A',7,2),(237,'2015-10-30 15:19:58',1,'2015-10-30 16:00:17',1,'I',21,2),(238,'2015-10-30 15:19:58',1,'2015-10-30 16:00:17',1,'A',22,2),(239,'2015-10-30 15:19:58',1,'2015-10-30 16:00:17',1,'I',23,2),(240,'2015-10-30 15:19:58',1,'2015-10-30 16:00:17',1,'A',24,2),(241,'2015-10-30 15:19:58',1,'2015-10-30 16:00:17',1,'A',25,2),(242,'2015-10-30 15:19:58',1,'2015-10-30 16:00:17',1,'A',26,2),(243,'2015-10-30 15:19:58',1,'2015-10-30 16:00:17',1,'I',27,2),(244,'2015-10-30 15:19:58',1,'2015-10-30 16:00:17',1,'I',30,2),(245,'2015-10-30 15:19:58',1,'2015-10-30 16:00:17',1,'I',31,2),(246,'2015-10-30 15:19:58',1,'2015-10-30 16:00:17',1,'I',32,2),(247,'2015-10-30 15:19:58',1,'2015-10-30 16:00:17',1,'I',33,2);

/*Table structure for table `user_role` */

DROP TABLE IF EXISTS `user_role`;

CREATE TABLE `user_role` (
  `ID` int(11) NOT NULL AUTO_INCREMENT,
  `CREATED` datetime DEFAULT NULL,
  `CREATER` int(11) DEFAULT NULL,
  `LASTMOD` datetime DEFAULT NULL,
  `MODIFYER` int(11) DEFAULT NULL,
  `STATUS` varchar(1) DEFAULT NULL,
  `ROLE_ID` int(11) DEFAULT NULL,
  `USER_ID` int(11) NOT NULL,
  PRIMARY KEY (`ID`),
  KEY `FK_oqmdk7xj0ainhxpvi79fkaq3y` (`ROLE_ID`),
  KEY `FK_j2j8kpywaghe8i36swcxv8784` (`USER_ID`),
  CONSTRAINT `FK_j2j8kpywaghe8i36swcxv8784` FOREIGN KEY (`USER_ID`) REFERENCES `users` (`USER_ID`),
  CONSTRAINT `FK_oqmdk7xj0ainhxpvi79fkaq3y` FOREIGN KEY (`ROLE_ID`) REFERENCES `role` (`ROLE_ID`)
) ENGINE=InnoDB AUTO_INCREMENT=25 DEFAULT CHARSET=utf8;

/*Data for the table `user_role` */

insert  into `user_role`(`ID`,`CREATED`,`CREATER`,`LASTMOD`,`MODIFYER`,`STATUS`,`ROLE_ID`,`USER_ID`) values (1,'2013-05-24 00:00:00',1,'2015-10-30 16:42:14',1,'A',2,2),(3,'2013-05-29 00:00:00',1,'2015-10-30 16:42:14',1,'I',3,2),(4,'2013-05-29 00:00:00',1,'2015-10-30 16:42:14',1,'I',4,2),(5,'2013-05-29 00:00:00',1,'2015-10-30 16:42:14',1,'I',5,2),(6,'2013-05-29 00:00:00',1,'2015-10-30 16:42:14',1,'I',6,2),(10,'2013-05-29 00:00:00',1,'2013-06-14 00:00:00',1,'A',1,1),(11,'2013-05-29 00:00:00',1,'2013-06-14 00:00:00',1,'I',2,1),(12,'2013-05-29 00:00:00',1,'2013-06-14 00:00:00',1,'I',3,1),(13,'2013-05-29 00:00:00',1,'2013-06-14 00:00:00',1,'I',4,1),(14,'2013-05-29 00:00:00',1,'2013-06-14 00:00:00',1,'I',5,1),(15,'2013-05-29 00:00:00',1,'2013-06-14 00:00:00',1,'I',6,1),(16,'2013-05-29 00:00:00',1,'2015-10-30 16:42:14',1,'I',1,2),(17,'2013-06-04 00:00:00',1,'2015-10-30 16:42:14',1,'I',7,2),(18,'2013-06-14 00:00:00',1,'2013-06-14 00:00:00',1,'A',2,13),(19,'2013-06-14 00:00:00',1,'2013-06-14 00:00:00',1,'A',3,13),(20,'2013-06-14 00:00:00',1,'2013-06-14 00:00:00',1,'A',4,13),(21,'2013-06-19 00:00:00',1,'2015-10-30 16:42:54',1,'I',10,23),(22,'2013-06-21 09:21:45',1,'2013-07-11 14:25:26',1,'A',10,24),(23,'2013-06-22 13:42:32',1,'2015-10-30 16:42:54',1,'I',2,23),(24,'2013-06-22 13:42:32',1,'2015-10-30 16:42:54',1,'A',3,23);

/*Table structure for table `users` */

DROP TABLE IF EXISTS `users`;

CREATE TABLE `users` (
  `USER_ID` int(11) NOT NULL AUTO_INCREMENT,
  `ACCOUNT` varchar(50) DEFAULT NULL,
  `ANSWER` varchar(100) DEFAULT NULL,
  `CREATED` datetime DEFAULT NULL,
  `CREATER` int(11) DEFAULT NULL,
  `DESCRIPTION` longtext,
  `DUTY_ID` int(11) DEFAULT NULL,
  `EMAIL` varchar(200) DEFAULT NULL,
  `FIRST_VISIT` datetime DEFAULT NULL,
  `IP` varchar(20) DEFAULT NULL,
  `ISEMPLOYEE` int(11) DEFAULT NULL,
  `ISONLINE` int(11) DEFAULT NULL,
  `LANG` varchar(20) DEFAULT NULL,
  `LAST_VISITS` datetime DEFAULT NULL,
  `LASTMOD` datetime DEFAULT NULL,
  `LOGIN_COUNT` int(11) DEFAULT NULL,
  `MODIFYER` int(11) DEFAULT NULL,
  `MYID` varchar(50) DEFAULT NULL,
  `NAME` varchar(50) DEFAULT NULL,
  `ORGANIZE_ID` int(11) DEFAULT NULL,
  `ORGANIZE_NAME` varchar(255) DEFAULT NULL,
  `PASSWORD` varchar(128) DEFAULT NULL,
  `PREVIOUS_VISIT` datetime DEFAULT NULL,
  `QUESTION_ID` int(11) DEFAULT NULL,
  `STATUS` varchar(1) DEFAULT NULL,
  `TEL` varchar(30) DEFAULT NULL,
  `THEME` varchar(20) DEFAULT NULL,
  `TITLE_ID` int(11) DEFAULT NULL,
  PRIMARY KEY (`USER_ID`)
) ENGINE=InnoDB AUTO_INCREMENT=25 DEFAULT CHARSET=utf8;

/*Data for the table `users` */

insert  into `users`(`USER_ID`,`ACCOUNT`,`ANSWER`,`CREATED`,`CREATER`,`DESCRIPTION`,`DUTY_ID`,`EMAIL`,`FIRST_VISIT`,`IP`,`ISEMPLOYEE`,`ISONLINE`,`LANG`,`LAST_VISITS`,`LASTMOD`,`LOGIN_COUNT`,`MODIFYER`,`MYID`,`NAME`,`ORGANIZE_ID`,`ORGANIZE_NAME`,`PASSWORD`,`PREVIOUS_VISIT`,`QUESTION_ID`,`STATUS`,`TEL`,`THEME`,`TITLE_ID`) values (1,'admin',NULL,NULL,1,'111111',NULL,'12@qq.com',NULL,NULL,NULL,NULL,NULL,NULL,'2013-06-14 00:00:00',NULL,1,'admin','admin',2,'MIS','admin',NULL,NULL,'A','1111111',NULL,NULL),(2,'root',NULL,NULL,1,'12312312323',NULL,'123@qq.com',NULL,NULL,NULL,NULL,NULL,NULL,'2013-06-19 00:00:00',NULL,1,'root','root',2,'MIS','root',NULL,NULL,'A','123',NULL,NULL),(13,'123',NULL,'2013-06-14 00:00:00',1,'123123123',NULL,'ewrtewrt',NULL,NULL,NULL,NULL,NULL,NULL,'2013-06-14 00:00:00',NULL,1,'gsdgsgdsgdg','twerywrt',4,'asdfasd','ert',NULL,NULL,'I','ert',NULL,NULL),(14,'ttt',NULL,'2013-06-14 00:00:00',1,'',NULL,'ttt',NULL,NULL,NULL,NULL,NULL,NULL,'2013-06-14 00:00:00',NULL,1,'ttt','ttttttt',2,'MIS','tt',NULL,NULL,'I','tt',NULL,NULL),(15,'234',NULL,'2013-06-14 00:00:00',1,'234234234',NULL,'234',NULL,NULL,NULL,NULL,NULL,NULL,'2013-06-14 00:00:00',NULL,1,'234','234',1,'总经理室','234',NULL,NULL,'I','342',NULL,NULL),(16,'123',NULL,'2013-06-14 00:00:00',1,'123123123',NULL,'123',NULL,NULL,NULL,NULL,NULL,NULL,'2013-06-14 00:00:00',NULL,1,'123','123',2,'MIS','123',NULL,NULL,'I','123',NULL,NULL),(17,'31231',NULL,'2013-06-18 00:00:00',1,'123123123123123123123324234',NULL,'123',NULL,NULL,NULL,NULL,NULL,NULL,'2013-06-18 00:00:00',NULL,1,'12312','2312',5,'12333','312',NULL,NULL,'I','3123',NULL,NULL),(18,'123',NULL,'2013-06-18 00:00:00',1,'123123123123123',NULL,'123',NULL,NULL,NULL,NULL,NULL,NULL,'2013-06-18 00:00:00',NULL,1,'123','3123',4,'asdfasd','123',NULL,NULL,'I','132',NULL,NULL),(19,'124',NULL,'2013-06-18 00:00:00',1,'123123123',NULL,'123',NULL,NULL,NULL,NULL,NULL,NULL,'2013-06-18 00:00:00',NULL,1,'123','123',2,'MIS','123',NULL,NULL,'I','123',NULL,NULL),(20,'3123',NULL,'2013-06-18 00:00:00',1,'123123123123123',NULL,'123',NULL,NULL,NULL,NULL,NULL,NULL,'2013-06-19 00:00:00',NULL,1,'123','123',12,'123','123',NULL,NULL,'I','123',NULL,NULL),(21,'test',NULL,'2013-06-19 00:00:00',1,'',NULL,'test@163.com',NULL,NULL,NULL,NULL,NULL,NULL,'2013-06-19 00:00:00',NULL,1,'test','test',2,'MIS','test',NULL,NULL,'I','111',NULL,NULL),(22,'123',NULL,'2013-06-19 00:00:00',1,'123123123',NULL,'123',NULL,NULL,NULL,NULL,NULL,NULL,'2013-06-19 00:00:00',NULL,1,'123','123',NULL,'','123',NULL,NULL,'I','123',NULL,NULL),(23,'test',NULL,'2013-06-19 00:00:00',1,'测试账号',NULL,'atest',NULL,NULL,NULL,NULL,NULL,NULL,'2013-06-19 00:00:00',NULL,1,'test','test',1,'总经理室','test',NULL,NULL,'A','123123',NULL,NULL),(24,'ee',NULL,'2013-06-21 09:19:56',1,'123',NULL,'123',NULL,NULL,NULL,NULL,NULL,NULL,'2013-06-24 15:00:14',NULL,1,'hy','ee',1,'总经理室','ee',NULL,NULL,'A','123',NULL,NULL);

/*!40101 SET SQL_MODE=@OLD_SQL_MODE */;
/*!40014 SET FOREIGN_KEY_CHECKS=@OLD_FOREIGN_KEY_CHECKS */;
/*!40014 SET UNIQUE_CHECKS=@OLD_UNIQUE_CHECKS */;
/*!40111 SET SQL_NOTES=@OLD_SQL_NOTES */;
